Timestamp,What date did this study/work session take place?,What time did the session start?,What time did the session end?,What type of task were you doing?,How interesting was the task?,How difficult was the task?,How long did you plan to work/study? Enter the number of minutes. Example: 120,How many minutes after starting the session did you experience your first distraction? Enter a whole number. If no distraction occurred enter 0 ,How many distractions occurred? (Whole Number),How focused were you during the session?,Where did you study/work?,How would you describe the noise level during this session?,How many other people were around you during this session?,How much interaction did you have with other people during the session?,How many hours did you sleep the previous night? Example: 7.5,How many minutes of phone screen time had you accumulated before this session? Example: 145,What caffeine did you consume before the session?,Which focus strategies did you use,How effective was this study/work session overall? (Rate 1-5)
9/22/2026 15:14:02,9/21/2026,5:30:00 AM,7:00:00 AM,Studying,3,7,120,30,3,7,Home,Very Quiet,1-2 people,None,240,Option 1,None,"Noise cancelling headphones, Timer",3- Moderately effective
9/22/2026 15:19:28,9/22/2026,7:00:00 AM,9:00:00 AM,Studying,9,8,120,40,2,10,Bus,Quiet,6-10 people,None,4 hours,2 hours,None,None,5- Extremely effective
9/22/2026 15:34:19,12/9/2000,1:00:00 PM,2:00:00 PM,Reading,8,1,60 minutes,20 minutes ,3,6,Home,Moderate,Alone,Very little,300 minutes ,240 minutes ,Soda,None,2- Slightly effective
9/22/2026 15:35:58,9/22/2026,3:30:00 PM,4:30:00 PM,Homework/Assignments,10,10,90min,30min,3,9,Library,Quiet,6-10 people,Very little,7 hours ,3hours,Coffee,"Phone in another room, Focus app",4- Very effective 
9/22/2026 16:18:07,9/22/2026,9:00:00 AM,11:00:00 AM,Studying,7,8,120 minutes,45 minutes,3,7,Home,Very Quiet,Alone,None,480,30 minutes,None,None,3- Moderately effective
9/22/2026 17:02:42,9/22/2026,4:20:00 PM,4:58:00 AM,Studying,6,4,60,5,3,7,Library,Moderate,3-5 people,Some,7,200,Coffee,None,3- Moderately effective
9/22/2026 17:05:13,9/22/2026,4:00:00 PM,5:00:00 PM,Meeting,6,4,60,Around 30,3,9,Table at CDRLC ,Moderate,1-2 people,A lot,240 minutes ,248 minutes ,None,"Background Music, Noise cancelling headphones, Timer",4- Very effective 
9/22/2026 18:38:42,9/22/2026,12:30:00 PM,6:00:00 PM,Studying,7,8,300 minutes ,0,0,10,Library,Very Quiet,Alone,A lot,480,180,None,None,5- Extremely effective
9/22/2026 21:33:41,9/22/2026,1:00:00 AM,2:33:00 AM,Writing,4,1,20,3,20+,5,Home,Quiet,3-5 people,A lot,6,8,None,None,2- Slightly effective
9/23/2026 8:29:03,9/23/2026,9:00:00 AM,10:00:00 AM,Reading,8,4,120,15,5,5,Home,Moderate,1-2 people,None,,,Tea,None,2- Slightly effective
9/23/2026 9:14:44,9/23/2026,8:30:00 AM,9:30:00 AM,Meeting,7,3,60,15,2,7,Campus,Quiet,1-2 people,Some,300,500,None,Noise cancelling headphones,3- Moderately effective
9/23/2026 10:30:18,9/23/2026,10:00:00 AM,11:00:00 AM,Meetings,7,8,3 hours,5min,6,6,Home,Quiet,Alone,None,390,600,Coffee,None,2- Slightly effective
9/23/2026 14:35:18,9/23/2026,2:00:00 PM,2:30:00 PM,Meeting,8,4,30 minutes,5,1,10,Office in Workplace ,Quiet,Alone,None,8 hours,220 minutes ,Light lunch ,Airpods ,5- Extremely effective
9/23/2026 15:59:30,9/23/2026,12:00:00 PM,3:00:00 PM,Job assessments,4,7,60 min,35,5,8,Quiet lounge area,Quiet,1-2 people,None,390 min,,Coffee,Background Music,4- Very effective 
9/24/2026 0:09:36,9/24/2026,8:30:00 AM,8:45:00 AM,Studying,4,6,60,15,1,4,Home,Moderate,Alone,None,360 minutes ,45,Tea,None,2- Slightly effective
9/25/2026 23:59:56,9/25/2026,9:00:00 PM,12:00:00 AM,Writing,4,4, 120 min,30,10,5,Home,Moderate,1-2 people,Very little,480 min,480 min,None,Background Music,5- Extremely effective
9/27/2026 21:23:47,9/27/2026,8:00:00 PM,9:20:00 AM,Homework/Assignments,4,10,120 mins,36,2,10,Home,Quiet,1-2 people,Very little,480,360,None,None,5- Extremely effective
9/28/2026 16:40:26,9/28/2026,3:30:00 PM,4:40:00 PM,Studying,7,4,60,12,4,7,Home,Quiet,Alone,None – no interaction,6,45,None,Background Music,3- Moderately effective
9/29/2026 18:45:21,9/29/2026,10:30:00 AM,1:00:00 PM,Studying,8,6,150,40,3,8,Study place (EIEP Lounge),Quiet,More than 10 people,"Very little – brief interaction, such as saying hello or asking a quick question",6,30,Coffee,Background Music,4- Very effective
9/29/2026 18:47:16,9/29/2026,5:15:00 PM,6:30:00 PM,Studying,9,7,90,20,3,6,Home,Quiet,Alone,None – no interaction,6,160,None,Background Music,3- Moderately effective
9/30/2026 15:49:42,9/30/2026,1:30:00 PM,2:50:00 AM,Studying,7,5,90,20,3,6,Home,Quiet,Alone,None – no interaction,7,60,None,"Background Music, Timer",3- Moderately effective
10/1/2026 13:12:10,10/1/2026,7:00:00 AM,9:30:00 AM,Writing,4,3,150,45,1,10,Library,Very Quiet,Alone,None – no interaction,4.5,30,Energy drink,Noise cancelling headphones,5- Extremely effective